feedback,sentiment
The teacher explains concepts very clearly,Positive
Excellent teaching methodology and communication,Positive
Interactive classes and practical examples,Positive
Faculty is supportive and helpful,Positive
Teaching quality is average,Neutral
Classes are okay but can improve,Neutral
Faculty performance is satisfactory,Neutral
Need more practical sessions,Neutral
Poor explanation of topics,Negative
Classes are boring and difficult to understand,Negative
Faculty is not interactive,Negative
Teaching method needs improvement,Negative
feedback,sentiment
Teaching methodology is excellent,Positive
Faculty explains concepts clearly,Positive
Interactive classes improve learning,Positive
Practical examples make subjects easy,Positive
Teachers are very supportive,Positive
The lectures are engaging and informative,Positive
Faculty encourages student participation,Positive
Classes are well organized,Positive
Course content is relevant and useful,Positive
Teachers answer doubts patiently,Positive
Learning environment is excellent,Positive
The faculty motivates students,Positive
Assignments help understand concepts,Positive
The course structure is very good,Positive
Excellent communication from faculty,Positive
Teaching quality is outstanding,Positive
Classes are enjoyable and productive,Positive
Faculty provides helpful feedback,Positive
Practical sessions are very effective,Positive
The instructor is knowledgeable,Positive

Teaching quality is average,Neutral
Classes are okay,Neutral
Faculty performance is satisfactory,Neutral
The course is manageable,Neutral
Teaching methods are acceptable,Neutral
The lectures are neither good nor bad,Neutral
Faculty explains most topics adequately,Neutral
Classes are somewhat useful,Neutral
The course meets expectations,Neutral
Assignments are average,Neutral
The learning experience is normal,Neutral
Faculty support is adequate,Neutral
Practical sessions are sufficient,Neutral
The syllabus is standard,Neutral
The teaching pace is reasonable,Neutral
The classes are moderately engaging,Neutral
Course materials are acceptable,Neutral
Faculty interaction is average,Neutral
The overall experience is satisfactory,Neutral
Teaching can be improved,Neutral

Poor explanation of concepts,Negative
Classes are boring and uninteresting,Negative
Faculty is not interactive,Negative
Teaching methods need improvement,Negative
The lectures are difficult to follow,Negative
Teachers do not clarify doubts properly,Negative
The course lacks practical examples,Negative
Learning experience is disappointing,Negative
Faculty support is poor,Negative
Classes are poorly organized,Negative
Teaching pace is too fast,Negative
Assignments are confusing,Negative
The syllabus is not relevant,Negative
The course content is outdated,Negative                 